filename;jobid;uid;runtime;start_time;end_time;exec;file;interval-id;start;end;info;X1_access_count;X1_access_size;read_bytes;write_bytes
11.parsed.json;4133530155;4127791281;748;1325633761;1325634508;2650652061;17309105256567325286;1;2.390768;49.856778;posix read unique file;4;4;1528823904;0
11.parsed.json;4133530155;4127791281;748;1325633761;1325634508;2650652061;15154629521349159618;2;696.559852;747.44581;posix write consecutive sequential unique file;4;4;0;1528823904
12.parsed.json;1981694453;4127791281;3578;1325634777;1325638354;178035565;10108506072587361186;1;2.767176;37.211978;posix read unique file;4;4;2038431840;0
11.parsed.json;4133530155;4127791281;748;1325633761;1325634508;2650652061;15154629521349159618;2;696.559852;747.44581;posix write consecutive sequential unique file;4;4;0;1528823904
12.parsed.json;4133530155;4127791281;748;1325633761;1325634508;2650652061;15154629521349159618;2;696.559852;747.44581;posix write consecutive sequential unique file;4;4;0;1528823904