filename;jobid;uid;runtime;start_time;end_time;exec;file;interval-id;start;end;info;X1_access_count;X1_access_size;read_bytes;write_bytes
11.parsed.json;4133530155;4127791281;748;1325633761;1325634508;2650652061;"1.73091052565673E+019";1;2.390768;49.856778;posix read unique file;4;4;1528823904;0
11.parsed.json;4133530155;4127791281;220;1325633761;1325634508;2650652061;"1.51546295213492E+019";2;696.559852;747.44581;posix write consecutive sequential unique file;4;4;0;1528823904
11.parsed.json;4133530155;4127791281;500;1325633761;1325634508;2650652061;"1.51546295213492E+019";2;696.559852;747.44581;posix write consecutive sequential unique file;4;4;0;1528823904
12.parsed.json;1981694453;4127791281;3578;1325634777;1325638354;178035565;"1.01085060725874E+019";1;2.767176;37.211978;posix write unique file;4;4;2038431840;0
12.parsed.json;4133530155;4127791281;1000;1325634777;1325638354;2650652061;"1.51546295213492E+019";2;696.559852;747.44581;posix write consecutive sequential unique file;4;4;0;1528823904
