filename;start_time;end_time;start;end;info
argonne-2012-4/2012/4/1/10128127656689860935.parsed.json;1333239672;1333243037;37.95422;48.376851;posix read unique file
argonne-2012-4/2012/4/1/10128127656689860935.parsed.json;1333239672;1333243037;703.511073;713.867765;posix read unique file
argonne-2012-4/2012/4/1/10128127656689860935.parsed.json;1333239672;1333243037;1368.668134;1378.992154;posix read unique file
argonne-2012-4/2012/4/1/10128127656689860935.parsed.json;1333239672;1333243037;2033.857138;2044.183637;posix read unique file
argonne-2012-4/2012/4/1/10128127656689860935.parsed.json;1333239672;1333243037;2699.262723;2709.554651;posix read unique file
argonne-2012-4/2012/4/1/10183000870711713588.parsed.json;1333275054;1333288119;0.542964;0.877013;posix read shared file
argonne-2012-4/2012/4/1/10183000870711713588.parsed.json;1333275054;1333288119;0.651576;1.0072;posix read shared file
argonne-2012-4/2012/4/1/10183000870711713588.parsed.json;1333275054;1333288119;1617.779522;12045.266007;posix write unique file
argonne-2012-4/2012/4/1/10183000870711713588.parsed.json;1333275054;1333288119;1617.86387;12045.395127;posix write unique file
argonne-2012-4/2012/4/1/1032086332469494709.parsed.json;1333264517;1333268787;0.389938;0.50926;posix read shared file
argonne-2012-4/2012/4/1/1032086332469494709.parsed.json;1333264517;1333268787;0.475271;0.658678;posix read shared file
argonne-2012-4/2012/4/1/1032086332469494709.parsed.json;1333264517;1333268787;0.622902;0.846325;posix read shared file
argonne-2012-4/2012/4/1/1032086332469494709.parsed.json;1333264517;1333268787;0.77176;0.955812;posix read shared file
argonne-2012-4/2012/4/1/1032086332469494709.parsed.json;1333264517;1333268787;0.93984;1.543543;posix read shared file
argonne-2012-4/2012/4/1/1032086332469494709.parsed.json;1333264517;1333268787;1.033125;1.717397;posix read shared file
argonne-2012-4/2012/4/1/1032086332469494709.parsed.json;1333264517;1333268787;1.234119;1.892742;posix read shared file
argonne-2012-4/2012/4/1/1032086332469494709.parsed.json;1333264517;1333268787;1.452449;2.114712;posix read shared file
argonne-2012-4/2012/4/1/1032086332469494709.parsed.json;1333264517;1333268787;1.789016;2.983508;posix read shared file
argonne-2012-4/2012/4/1/1032086332469494709.parsed.json;1333264517;1333268787;3.08423;3.286598;posix read shared file
