filename;start_time;end_time;start;end;info
1171446687421322104.parsed.json;1325633761;1325634508;2.390768;49.856778;posix read unique file
1171446687421322104.parsed.json;1325633761;1325634508;696.559852;747.44581;posix write consecutive sequential unique file
12904608219343531331.parsed.json;1325634777;1325638354;2.767176;37.211978;posix read unique file
12904608219343531331.parsed.json;1325634777;1325638354;3519.17066;3577.571012;posix write consecutive sequential unique file
13008490376753310462.parsed.json;1325628854;1325634340;0.4556;1.891191;posix read unique file
13008490376753310462.parsed.json;1325628854;1325634340;0.635545;0.637114;posix read unique file
13008490376753310462.parsed.json;1325628854;1325634340;0.773357;1.648564;posix read shared file
13008490376753310462.parsed.json;1325628854;1325634340;1.667473;1.686123;posix read unique file
13008490376753310462.parsed.json;1325628854;1325634340;1.691281;1277.044434;posix read unique file
13008490376753310462.parsed.json;1325628854;1325634340;2.121574;5249.810609;posix write consecutive sequential unique file
13008490376753310462.parsed.json;1325628854;1325634340;2.785101;2.786767;posix read unique file
13008490376753310462.parsed.json;1325628854;1325634340;2.832423;8.407591;posix read unique file
13008490376753310462.parsed.json;1325628854;1325634340;2.916559;2.917696;posix read unique file
13008490376753310462.parsed.json;1325628854;1325634340;2.91657;2.917735;posix read unique file
13008490376753310462.parsed.json;1325628854;1325634340;2.916587;2.917859;posix read unique file
13008490376753310462.parsed.json;1325628854;1325634340;2.916617;2.917894;posix read unique file
13008490376753310462.parsed.json;1325628854;1325634340;2.916633;2.917841;posix read unique file
13008490376753310462.parsed.json;1325628854;1325634340;2.916663;2.917997;posix read unique file
13008490376753310462.parsed.json;1325628854;1325634340;2.916717;2.918118;posix read unique file
