filename;start_time;end_time;start;end;info
4108908151595003479.parsed.json;1325626566;1325634136;14.144012;7569.596481;posix write consecutive sequential unique file
4108908151595003479.parsed.json;1325626566;1325634136;14.144018;7569.586565;posix write consecutive sequential unique file
4108908151595003479.parsed.json;1325626566;1325634136;14.144022;7569.586221;posix write consecutive sequential unique file
4108908151595003479.parsed.json;1325626566;1325634136;14.144026;7569.586275;posix write consecutive sequential unique file
4108908151595003479.parsed.json;1325626566;1325634136;14.144034;7569.587094;posix write consecutive sequential unique file
4108908151595003479.parsed.json;1325626566;1325634136;14.144054;7569.588195;posix write consecutive sequential unique file
4108908151595003479.parsed.json;1325626566;1325634136;14.144059;7569.587957;posix write consecutive sequential unique file
4108908151595003479.parsed.json;1325626566;1325634136;14.144069;7569.586771;posix write consecutive sequential unique file
4108908151595003479.parsed.json;1325626566;1325634136;14.144072;7569.587175;posix write consecutive sequential unique file
4108908151595003479.parsed.json;1325626566;1325634136;14.144088;7569.587912;posix write consecutive sequential unique file
4108908151595003479.parsed.json;1325626566;1325634136;14.144111;7569.587133;posix write consecutive sequential unique file
4108908151595003479.parsed.json;1325626566;1325634136;14.144119;7569.587724;posix write consecutive sequential unique file
4108908151595003479.parsed.json;1325626566;1325634136;14.144121;7569.588499;posix write consecutive sequential unique file
4108908151595003479.parsed.json;1325626566;1325634136;14.144159;7569.589693;posix write consecutive sequential unique file
4108908151595003479.parsed.json;1325626566;1325634136;14.144184;7569.586658;posix write consecutive sequential unique file
4108908151595003479.parsed.json;1325626566;1325634136;14.144195;7569.588435;posix write consecutive sequential unique file
4108908151595003479.parsed.json;1325626566;1325634136;14.144226;7569.587047;posix write consecutive sequential unique file
4108908151595003479.parsed.json;1325626566;1325634136;14.144249;7569.586415;posix write consecutive sequential unique file
4108908151595003479.parsed.json;1325626566;1325634136;14.144269;7569.588026;posix write consecutive sequential unique file
